ID,Name,Email,Product Title,Price,Quantity
1,Annie Leonhart,annie@gmail.com,,,
,,,Mikasa,23,23
2,Mikasa Ackerman,mikasa@gmail.com,,,
,,,DoÄŸan,34,434
3,Eren Yeager,eren@gmail.com,,,
,,,Muhammet,6,46456
4,Erwin Smith,erwin@gmail.com,,,
,,,Ali,56,654
5,Levi Ackerman,levi@gmail.com,,,
,,,Veli,67,456
6,Armin Arlert,armin@gmail.com,,,
,,,Dr,78,234
7,Historia Reiss,historia@gmail.com,,,
,,,Eren,8797,234
8,Jean ,jean@gmail.com,,,
,,,Deniz,678,647
9,Sasha ,sasha@gmail.com,,,
,,,Emirhan,6789,74
10,Grisha Yeager,grisha@gmail.com,,,
,,,Emre,34,748
11,Dina Fritz,dina@gmail.com,,,
,,,Bilal,345,8
12,Karla Yeager,karla@gmail.com,,,
,,,Hamza,7345,89
13,Ymir ,ymir@gmail.com,,,
,,,Furkan,78,98
14,Hannes San,hannes@gmail.com,,,
,,,Ahmet,765,98
15,Mike ,mike@gmail.com,,,
,,,Arif,567,54
